<BackupInst xmlns="http://www.microsoft.com/GroupPolicy/GPOOperations/Manifest"><GPOGuid><![CDATA[{78488A49-1039-4572-84DF-3935FEDE1B54}]]></GPOGuid><GPODomain><![CDATA[cyber.ucr]]></GPODomain><GPODomainGuid><![CDATA[{cddd3cb2-7fbf-40e3-a7ee-a180213c0acd}]]></GPODomainGuid><GPODomainController><![CDATA[WIN-LCEVRJE5DC1.cyber.ucr]]></GPODomainController><BackupTime><![CDATA[2020-01-25T00:01:30]]></BackupTime><ID><![CDATA[{9013D7DB-9DA9-40E4-9DF0-1E049950E206}]]></ID><Comment><![CDATA[]]></Comment><GPODisplayName><![CDATA[KingEdwardsCommandments]]></GPODisplayName></BackupInst>
